PRAGMA foreign_keys=OFF;
BEGIN TRANSACTION;
CREATE TABLE IF NOT EXISTS "django_migrations" ("id" integer NOT NULL PRIMARY KEY AUTOINCREMENT, "app" varchar(255) NOT NULL, "name" varchar(255) NOT NULL, "applied" datetime NOT NULL);
INSERT INTO django_migrations VALUES(1,'contenttypes','0001_initial','2025-10-31 23:11:41.318138');
INSERT INTO django_migrations VALUES(2,'auth','0001_initial','2025-10-31 23:11:41.501941');
INSERT INTO django_migrations VALUES(3,'admin','0001_initial','2025-10-31 23:11:41.623882');
INSERT INTO django_migrations VALUES(4,'admin','0002_logentry_remove_auto_add','2025-10-31 23:11:41.658816');
INSERT INTO django_migrations VALUES(5,'admin','0003_logentry_add_action_flag_choices','2025-10-31 23:11:41.740753');
INSERT INTO django_migrations VALUES(6,'contenttypes','0002_remove_content_type_name','2025-10-31 23:11:41.844269');
INSERT INTO django_migrations VALUES(7,'auth','0002_alter_permission_name_max_length','2025-10-31 23:11:41.925837');
INSERT INTO django_migrations VALUES(8,'auth','0003_alter_user_email_max_length','2025-10-31 23:11:42.020914');
INSERT INTO django_migrations VALUES(9,'auth','0004_alter_user_username_opts','2025-10-31 23:11:42.106097');
INSERT INTO django_migrations VALUES(10,'auth','0005_alter_user_last_login_null','2025-10-31 23:11:42.201868');
INSERT INTO django_migrations VALUES(11,'auth','0006_require_contenttypes_0002','2025-10-31 23:11:42.283558');
INSERT INTO django_migrations VALUES(12,'auth','0007_alter_validators_add_error_messages','2025-10-31 23:11:42.309685');
INSERT INTO django_migrations VALUES(13,'auth','0008_alter_user_username_max_length','2025-10-31 23:11:42.404362');
INSERT INTO django_migrations VALUES(14,'auth','0009_alter_user_last_name_max_length','2025-10-31 23:11:42.496434');
INSERT INTO django_migrations VALUES(15,'auth','0010_alter_group_name_max_length','2025-10-31 23:11:42.597405');
INSERT INTO django_migrations VALUES(16,'auth','0011_update_proxy_permissions','2025-10-31 23:11:42.686815');
INSERT INTO django_migrations VALUES(17,'auth','0012_alter_user_first_name_max_length','2025-10-31 23:11:42.726165');
INSERT INTO django_migrations VALUES(18,'sessions','0001_initial','2025-10-31 23:11:42.767026');
INSERT INTO django_migrations VALUES(19,'todo','0001_initial','2025-10-31 23:11:42.789246');
INSERT INTO django_migrations VALUES(20,'todo','0002_task_description','2025-10-31 23:11:42.811840');
INSERT INTO django_migrations VALUES(21,'todo','0003_alter_task_options_task_completed','2025-11-01 16:51:42.427879');
INSERT INTO django_migrations VALUES(22,'todo','0004_alter_task_options_task_priority','2025-11-01 18:57:46.964187');
INSERT INTO django_migrations VALUES(23,'todo','0005_task_completed_date_task_updated_at','2025-11-01 19:40:17.721361');
CREATE TABLE IF NOT EXISTS "auth_group_permissions" ("id" integer NOT NULL PRIMARY KEY AUTOINCREMENT, "group_id" integer NOT NULL REFERENCES "auth_group" ("id") DEFERRABLE INITIALLY DEFERRED, "permission_id" integer NOT NULL REFERENCES "auth_permission" ("id") DEFERRABLE INITIALLY DEFERRED);
CREATE TABLE IF NOT EXISTS "auth_user_groups" ("id" integer NOT NULL PRIMARY KEY AUTOINCREMENT, "user_id" integer NOT NULL REFERENCES "auth_user" ("id") DEFERRABLE INITIALLY DEFERRED, "group_id" integer NOT NULL REFERENCES "auth_group" ("id") DEFERRABLE INITIALLY DEFERRED);
CREATE TABLE IF NOT EXISTS "auth_user_user_permissions" ("id" integer NOT NULL PRIMARY KEY AUTOINCREMENT, "user_id" integer NOT NULL REFERENCES "auth_user" ("id") DEFERRABLE INITIALLY DEFERRED, "permission_id" integer NOT NULL REFERENCES "auth_permission" ("id") DEFERRABLE INITIALLY DEFERRED);
CREATE TABLE IF NOT EXISTS "django_admin_log" ("id" integer NOT NULL PRIMARY KEY AUTOINCREMENT, "object_id" text NULL, "object_repr" varchar(200) NOT NULL, "action_flag" smallint unsigned NOT NULL CHECK ("action_flag" >= 0), "change_message" text NOT NULL, "content_type_id" integer NULL REFERENCES "django_content_type" ("id") DEFERRABLE INITIALLY DEFERRED, "user_id" integer NOT NULL REFERENCES "auth_user" ("id") DEFERRABLE INITIALLY DEFERRED, "action_time" datetime NOT NULL);
CREATE TABLE IF NOT EXISTS "django_content_type" ("id" integer NOT NULL PRIMARY KEY AUTOINCREMENT, "app_label" varchar(100) NOT NULL, "model" varchar(100) NOT NULL);
INSERT INTO django_content_type VALUES(1,'todo','task');
INSERT INTO django_content_type VALUES(2,'admin','logentry');
INSERT INTO django_content_type VALUES(3,'auth','permission');
INSERT INTO django_content_type VALUES(4,'auth','group');
INSERT INTO django_content_type VALUES(5,'auth','user');
INSERT INTO django_content_type VALUES(6,'contenttypes','contenttype');
INSERT INTO django_content_type VALUES(7,'sessions','session');
CREATE TABLE IF NOT EXISTS "auth_permission" ("id" integer NOT NULL PRIMARY KEY AUTOINCREMENT, "content_type_id" integer NOT NULL REFERENCES "django_content_type" ("id") DEFERRABLE INITIALLY DEFERRED, "codename" varchar(100) NOT NULL, "name" varchar(255) NOT NULL);
INSERT INTO auth_permission VALUES(1,1,'add_task','Can add task');
INSERT INTO auth_permission VALUES(2,1,'change_task','Can change task');
INSERT INTO auth_permission VALUES(3,1,'delete_task','Can delete task');
INSERT INTO auth_permission VALUES(4,1,'view_task','Can view task');
INSERT INTO auth_permission VALUES(5,2,'add_logentry','Can add log entry');
INSERT INTO auth_permission VALUES(6,2,'change_logentry','Can change log entry');
INSERT INTO auth_permission VALUES(7,2,'delete_logentry','Can delete log entry');
INSERT INTO auth_permission VALUES(8,2,'view_logentry','Can view log entry');
INSERT INTO auth_permission VALUES(9,3,'add_permission','Can add permission');
INSERT INTO auth_permission VALUES(10,3,'change_permission','Can change permission');
INSERT INTO auth_permission VALUES(11,3,'delete_permission','Can delete permission');
INSERT INTO auth_permission VALUES(12,3,'view_permission','Can view permission');
INSERT INTO auth_permission VALUES(13,4,'add_group','Can add group');
INSERT INTO auth_permission VALUES(14,4,'change_group','Can change group');
INSERT INTO auth_permission VALUES(15,4,'delete_group','Can delete group');
INSERT INTO auth_permission VALUES(16,4,'view_group','Can view group');
INSERT INTO auth_permission VALUES(17,5,'add_user','Can add user');
INSERT INTO auth_permission VALUES(18,5,'change_user','Can change user');
INSERT INTO auth_permission VALUES(19,5,'delete_user','Can delete user');
INSERT INTO auth_permission VALUES(20,5,'view_user','Can view user');
INSERT INTO auth_permission VALUES(21,6,'add_contenttype','Can add content type');
INSERT INTO auth_permission VALUES(22,6,'change_contenttype','Can change content type');
INSERT INTO auth_permission VALUES(23,6,'delete_contenttype','Can delete content type');
INSERT INTO auth_permission VALUES(24,6,'view_contenttype','Can view content type');
INSERT INTO auth_permission VALUES(25,7,'add_session','Can add session');
INSERT INTO auth_permission VALUES(26,7,'change_session','Can change session');
INSERT INTO auth_permission VALUES(27,7,'delete_session','Can delete session');
INSERT INTO auth_permission VALUES(28,7,'view_session','Can view session');
CREATE TABLE IF NOT EXISTS "auth_group" ("id" integer NOT NULL PRIMARY KEY AUTOINCREMENT, "name" varchar(150) NOT NULL UNIQUE);
CREATE TABLE IF NOT EXISTS "auth_user" ("id" integer NOT NULL PRIMARY KEY AUTOINCREMENT, "password" varchar(128) NOT NULL, "last_login" datetime NULL, "is_superuser" bool NOT NULL, "username" varchar(150) NOT NULL UNIQUE, "last_name" varchar(150) NOT NULL, "email" varchar(254) NOT NULL, "is_staff" bool NOT NULL, "is_active" bool NOT NULL, "date_joined" datetime NOT NULL, "first_name" varchar(150) NOT NULL);
CREATE TABLE IF NOT EXISTS "django_session" ("session_key" varchar(40) NOT NULL PRIMARY KEY, "session_data" text NOT NULL, "expire_date" datetime NOT NULL);
CREATE TABLE IF NOT EXISTS "todo_task" ("id" integer NOT NULL PRIMARY KEY AUTOINCREMENT, "title" varchar(200) NOT NULL, "created_date" datetime NOT NULL, "done" bool NOT NULL, "description" text NOT NULL, "completed" bool NOT NULL, "priority" varchar(200) NOT NULL, "completed_date" datetime NULL, "updated_at" datetime NOT NULL);
INSERT INTO todo_task VALUES(1,'Teste - Finalizado','2025-10-31 23:56:17.858989',1,'Editad',1,'medium',NULL,'2025-11-01 19:40:17.718418');
INSERT INTO todo_task VALUES(2,'Minha tarefa','2025-11-01 03:46:49.368216',1,'Minha descrição',1,'medium',NULL,'2025-11-01 19:40:17.718418');
INSERT INTO todo_task VALUES(3,'Minha outra tarefa','2025-11-01 03:47:06.359689',0,'Minha outra descrição',1,'medium',NULL,'2025-11-01 19:40:17.718418');
INSERT INTO todo_task VALUES(4,'meu teste','2025-11-01 04:05:46.969436',1,'o seu teste',1,'medium',NULL,'2025-11-01 19:59:58.339896');
INSERT INTO todo_task VALUES(5,'Tarefa','2025-11-01 17:31:21.776774',1,'Essa tarefa é uma tarefa para ser finalizada',1,'medium',NULL,'2025-11-01 19:40:17.718418');
INSERT INTO todo_task VALUES(6,'Lidia dar um beijo','2025-11-01 17:32:21.474645',0,'na cabeçola',1,'medium',NULL,'2025-11-01 19:40:17.718418');
INSERT INTO todo_task VALUES(7,'Adicionar data nos views','2025-11-01 17:40:10.962501',0,'Adicionar data de criação e data de finalização na view TaskListView',1,'medium','2025-11-01 20:00:12.122768','2025-11-01 20:00:12.122818');
INSERT INTO todo_task VALUES(8,'Adiconar campo de excluir','2025-11-01 17:41:06.649390',0,'Campo de excluir nas view tasklistview e task_update',0,'medium',NULL,'2025-11-01 19:40:17.718418');
INSERT INTO todo_task VALUES(9,'Adicionar sessao por usuário','2025-11-01 17:42:09.150005',0,'Adicionar sessão e grupo de usuarios',0,'medium',NULL,'2025-11-01 19:40:17.718418');
INSERT INTO todo_task VALUES(10,'Adionar niveis de prioridade','2025-11-01 17:42:42.776422',0,'Adicionar niveis de prioridade nas tarefas',1,'medium','2025-11-01 20:00:07.407321','2025-11-01 20:00:07.407363');
INSERT INTO todo_task VALUES(11,'Incluir complete_date na lista','2025-11-01 19:00:17.246906',0,'Incluir completed data nas listas view',1,'urgent','2025-11-01 20:00:05.288088','2025-11-01 20:00:05.288135');
INSERT INTO todo_task VALUES(12,'testedasfdsfds','2025-11-01 19:10:01.709825',0,'',1,'medium',NULL,'2025-11-01 19:40:17.718418');
INSERT INTO todo_task VALUES(13,'Testando datas','2025-11-01 19:49:58.905161',0,'Testando',1,'high','2025-11-01 19:52:52.061504','2025-11-01 19:52:52.061657');
INSERT INTO todo_task VALUES(14,'testando timezone','2025-11-01 19:53:08.356695',0,'',1,'medium','2025-11-01 20:00:02.523176','2025-11-01 20:00:02.523268');
INSERT INTO todo_task VALUES(15,'testando tz','2025-11-01 19:56:02.902246',0,'testando tz America/sp',1,'high','2025-11-01 20:00:00.821599','2025-11-01 20:00:00.821646');
DELETE FROM sqlite_sequence;
INSERT INTO sqlite_sequence VALUES('django_migrations',23);
INSERT INTO sqlite_sequence VALUES('django_admin_log',0);
INSERT INTO sqlite_sequence VALUES('django_content_type',7);
INSERT INTO sqlite_sequence VALUES('auth_permission',28);
INSERT INTO sqlite_sequence VALUES('auth_group',0);
INSERT INTO sqlite_sequence VALUES('auth_user',0);
INSERT INTO sqlite_sequence VALUES('todo_task',15);
CREATE UNIQUE INDEX "auth_group_permissions_group_id_permission_id_0cd325b0_uniq" ON "auth_group_permissions" ("group_id", "permission_id");
CREATE INDEX "auth_group_permissions_group_id_b120cbf9" ON "auth_group_permissions" ("group_id");
CREATE INDEX "auth_group_permissions_permission_id_84c5c92e" ON "auth_group_permissions" ("permission_id");
CREATE UNIQUE INDEX "auth_user_groups_user_id_group_id_94350c0c_uniq" ON "auth_user_groups" ("user_id", "group_id");
CREATE INDEX "auth_user_groups_user_id_6a12ed8b" ON "auth_user_groups" ("user_id");
CREATE INDEX "auth_user_groups_group_id_97559544" ON "auth_user_groups" ("group_id");
CREATE UNIQUE INDEX "auth_user_user_permissions_user_id_permission_id_14a6b632_uniq" ON "auth_user_user_permissions" ("user_id", "permission_id");
CREATE INDEX "auth_user_user_permissions_user_id_a95ead1b" ON "auth_user_user_permissions" ("user_id");
CREATE INDEX "auth_user_user_permissions_permission_id_1fbb5f2c" ON "auth_user_user_permissions" ("permission_id");
CREATE INDEX "django_admin_log_content_type_id_c4bce8eb" ON "django_admin_log" ("content_type_id");
CREATE INDEX "django_admin_log_user_id_c564eba6" ON "django_admin_log" ("user_id");
CREATE UNIQUE INDEX "django_content_type_app_label_model_76bd3d3b_uniq" ON "django_content_type" ("app_label", "model");
CREATE UNIQUE INDEX "auth_permission_content_type_id_codename_01ab375a_uniq" ON "auth_permission" ("content_type_id", "codename");
CREATE INDEX "auth_permission_content_type_id_2f476e4b" ON "auth_permission" ("content_type_id");
CREATE INDEX "django_session_expire_date_a5c62663" ON "django_session" ("expire_date");
COMMIT;
